Workbook

Sheet Setup
A1: PICCOLA BELLAVISTA - SETUP PRICING 2026
A2: Studio 33mq · Via Bellavista 14, Pirri · Vista panoramica
A5: PARAMETRI BASE
A6: Parametro | B6: Valore | C6: Note
A7: Prezzo base notte (€) | B7: 60 | C7: Prezzo standard senza modificatori
A8: Costo per notte stimato (€) | B8: 12 | C8: Pulizia + utenze + commissioni
A9: Tassa cedolare secca (%) | B9: 0.21 | C9: 21% per 1 sola unità
A10: Tassa di soggiorno per persona/notte (€) | B10: 1.5 | C10: Da riscuotere e versare al Comune
A11: Commissione media Airbnb (%) | B11: 0.03 | C11: 3% per host
A12: Commissione Booking (%) | B12: 0.17 | C12: 15-18% media
A13: Commissione Vrbo (%) | B13: 0.08 | C13: 8% media
A15: MOLTIPLICATORI STAGIONALI
A16: Periodo | B16: Mesi | C16: Moltiplicatore | D16: Prezzo finale (€) | E16: Note
A17: Bassa stagione | B17: Nov-Feb | C17: 0.7 | D17: =$B$7*C17 | E17: Fuori stagione
A18: Media stagione | B18: Mar-Mag, Ott | C18: 1 | D18: =$B$7*C18 | E18: Stagione standard
A19: Alta stagione | B19: Giu-Set | C19: 1.4 | D19: =$B$7*C19 | E19: Stagione turistica
A20: Picco (Ferragosto) | B20: 10-20 Ago | C20: 1.8 | D20: =$B$7*C20 | E20: Massima domanda
A21: Eventi speciali | B21: 1 Maggio, festività | C21: 1.5 | D21: =$B$7*C21 | E21: Sant'Efisio etc
A23: MOLTIPLICATORI GIORNI DELLA SETTIMANA
A24: Giorno | B24: Moltiplicatore | C24: Note
A25: Lunedì | B25: 0.85 | C25: Giorno scarico
A26: Martedì | B26: 0.85 | C26: Giorno scarico
A27: Mercoledì | B27: 0.9
A28: Giovedì | B28: 0.95
A29: Venerdì | B29: 1.1 | C29: Inizio weekend
A30: Sabato | B30: 1.2 | C30: Top weekend
A31: Domenica | B31: 1.05

Sheet Calendario 2026
A1: CALENDARIO PREZZI 2026 - PICCOLA BELLAVISTA
A3: Prezzo base: | B3: =Setup!B7
A5: Data | B5: Giorno | C5: Stagione | D5: Mol. Stag. | E5: Mol. Giorno | F5: Evento | G5: Mol. Evento | H5: PREZZO € | I5: Note
A6: 46023 | B6: Giovedì | C6: Bassa | D6: 0.7 | E6: 0.95 | F6: Capodanno | G6: 1.5 | H6: =$B$3*D6*E6*G6
A7: 46024 | B7: Venerdì | C7: Bassa | D7: 0.7 | E7: 1.1 | F7: - | G7: 1 | H7: =$B$3*D7*E7*G7
A8: 46025 | B8: Sabato | C8: Bassa | D8: 0.7 | E8: 1.2 | F8: - | G8: 1 | H8: =$B$3*D8*E8*G8
A9: 46026 | B9: Domenica | C9: Bassa | D9: 0.7 | E9: 1.05 | F9: - | G9: 1 | H9: =$B$3*D9*E9*G9
A10: 46027 | B10: Lunedì | C10: Bassa | D10: 0.7 | E10: 0.85 | F10: - | G10: 1 | H10: =$B$3*D10*E10*G10
A11: 46028 | B11: Martedì | C11: Bassa | D11: 0.7 | E11: 0.85 | F11: Epifania | G11: 1.2 | H11: =$B$3*D11*E11*G11
A12: 46029 | B12: Mercoledì | C12: Bassa | D12: 0.7 | E12: 0.9 | F12: - | G12: 1 | H12: =$B$3*D12*E12*G12
A13: 46030 | B13: Giovedì | C13: Bassa | D13: 0.7 | E13: 0.95 | F13: - | G13: 1 | H13: =$B$3*D13*E13*G13
A14: 46031 | B14: Venerdì | C14: Bassa | D14: 0.7 | E14: 1.1 | F14: - | G14: 1 | H14: =$B$3*D14*E14*G14
A15: 46032 | B15: Sabato | C15: Bassa | D15: 0.7 | E15: 1.2 | F15: - | G15: 1 | H15: =$B$3*D15*E15*G15
A16: 46033 | B16: Domenica | C16: Bassa | D16: 0.7 | E16: 1.05 | F16: - | G16: 1 | H16: =$B$3*D16*E16*G16
A17: 46034 | B17: Lunedì | C17: Bassa | D17: 0.7 | E17: 0.85 | F17: - | G17: 1 | H17: =$B$3*D17*E17*G17
... A370: 46387 | B370: Giovedì | C370: Bassa | D370: 0.7 | E370: 0.95 | F370: Capodanno | G370: 1.8 | H370: =$B$3*D370*E370*G370

Sheet Riassunto Mensile
A1: RIASSUNTO MENSILE 2026
A3: Mese | B3: Prezzo Min | C3: Prezzo Medio | D3: Prezzo Max | E3: Occup. Stimata | F3: Notti Vendute | G3: Ricavo Lordo | H3: Note
A4: Gennaio | B4: =MIN('Calendario 2026'!H6:H36) | C4: =AVERAGE('Calendario 2026'!H6:H36) | D4: =MAX('Calendario 2026'!H6:H36) | E4: 0.4 | F4: =ROUND(30*E4,0) | G4: =F4*C4 | H4: Bassa stagione, ospedali
A5: Febbraio | B5: =MIN('Calendario 2026'!H37:H64) | C5: =AVERAGE('Calendario 2026'!H37:H64) | D5: =MAX('Calendario 2026'!H37:H64) | E5: 0.35 | F5: =ROUND(28*E5,0) | G5: =F5*C5 | H5: Bassa, business
A6: Marzo | B6: =MIN('Calendario 2026'!H65:H95) | C6: =AVERAGE('Calendario 2026'!H65:H95) | D6: =MAX('Calendario 2026'!H65:H95) | E6: 0.55 | F6: =ROUND(31*E6,0) | G6: =F6*C6 | H6: Inizio risveglio
A7: Aprile | B7: =MIN('Calendario 2026'!H96:H125) | C7: =AVERAGE('Calendario 2026'!H96:H125) | D7: =MAX('Calendario 2026'!H96:H125) | E7: 0.65 | F7: =ROUND(30*E7,0) | G7: =F7*C7 | H7: Pasqua + ponti
A8: Maggio | B8: =MIN('Calendario 2026'!H126:H156) | C8: =AVERAGE('Calendario 2026'!H126:H156) | D8: =MAX('Calendario 2026'!H126:H156) | E8: 0.75 | F8: =ROUND(31*E8,0) | G8: =F8*C8 | H8: Sant'Efisio + ottimo
A9: Giugno | B9: =MIN('Calendario 2026'!H157:H186) | C9: =AVERAGE('Calendario 2026'!H157:H186) | D9: =MAX('Calendario 2026'!H157:H186) | E9: 0.8 | F9: =ROUND(30*E9,0) | G9: =F9*C9 | H9: Inizio alta
A10: Luglio | B10: =MIN('Calendario 2026'!H187:H217) | C10: =AVERAGE('Calendario 2026'!H187:H217) | D10: =MAX('Calendario 2026'!H187:H217) | E10: 0.9 | F10: =ROUND(31*E10,0) | G10: =F10*C10 | H10: Alta stagione
A11: Agosto | B11: =MIN('Calendario 2026'!H218:H248) | C11: =AVERAGE('Calendario 2026'!H218:H248) | D11: =MAX('Calendario 2026'!H218:H248) | E11: 0.95 | F11: =ROUND(31*E11,0) | G11: =F11*C11 | H11: Picco assoluto
A12: Settembre | B12: =MIN('Calendario 2026'!H249:H278) | C12: =AVERAGE('Calendario 2026'!H249:H278) | D12: =MAX('Calendario 2026'!H249:H278) | E12: 0.8 | F12: =ROUND(30*E12,0) | G12: =F12*C12 | H12: Coda d'estate
A13: Ottobre | B13: =MIN('Calendario 2026'!H279:H309) | C13: =AVERAGE('Calendario 2026'!H279:H309) | D13: =MAX('Calendario 2026'!H279:H309) | E13: 0.55 | F13: =ROUND(31*E13,0) | G13: =F13*C13 | H13: Discesa
A14: Novembre | B14: =MIN('Calendario 2026'!H310:H339) | C14: =AVERAGE('Calendario 2026'!H310:H339) | D14: =MAX('Calendario 2026'!H310:H339) | E14: 0.35 | F14: =ROUND(30*E14,0) | G14: =F14*C14 | H14: Bassa stagione
A15: Dicembre | B15: =MIN('Calendario 2026'!H340:H370) | C15: =AVERAGE('Calendario 2026'!H340:H370) | D15: =MAX('Calendario 2026'!H340:H370) | E15: 0.5 | F15: =ROUND(31*E15,0) | G15: =F15*C15 | H15: Festività
A16: TOTALE ANNO | C16: =AVERAGE(C4:C15) | E16: =AVERAGE(E4:E15) | F16: =SUM(F4:F15) | G16: =SUM(G4:G15)
A18: CALCOLO NETTO ANNUALE
A19: Ricavo Lordo Annuale | B19: =G16
A20: (-) Costi operativi (pulizie, utenze) | B20: =F16*Setup!B8
A21: (-) Commissioni piattaforme medie (~10%) | B21: =G16*0.10
A22: =Ricavo Netto Pre-tasse | B22: =B19-B20-B21
A23: (-) Cedolare secca 21% | B23: =B22*Setup!B9
A24: =NETTO FINALE | B24: =B22-B23

Sheet Track Prenotazioni
A1: TRACK PRENOTAZIONI 2026
A3: Data Check-in | B3: Data Check-out | C3: Notti | D3: Ospite | E3: Piattaforma | F3: Prezzo Tot | G3: Commissione | H3: Netto | I3: Note
C4: =IF(AND(A4<>"",B4<>""),B4-A4,"") | H4: =IF(AND(F4<>"",G4<>""),F4-G4,"")
C5: =IF(AND(A5<>"",B5<>""),B5-A5,"") | H5: =IF(AND(F5<>"",G5<>""),F5-G5,"")
C6: =IF(AND(A6<>"",B6<>""),B6-A6,"") | H6: =IF(AND(F6<>"",G6<>""),F6-G6,"")
C7: =IF(AND(A7<>"",B7<>""),B7-A7,"") | H7: =IF(AND(F7<>"",G7<>""),F7-G7,"")
C8: =IF(AND(A8<>"",B8<>""),B8-A8,"") | H8: =IF(AND(F8<>"",G8<>""),F8-G8,"")
C9: =IF(AND(A9<>"",B9<>""),B9-A9,"") | H9: =IF(AND(F9<>"",G9<>""),F9-G9,"")
C10: =IF(AND(A10<>"",B10<>""),B10-A10,"") | H10: =IF(AND(F10<>"",G10<>""),F10-G10,"")
C11: =IF(AND(A11<>"",B11<>""),B11-A11,"") | H11: =IF(AND(F11<>"",G11<>""),F11-G11,"")
C12: =IF(AND(A12<>"",B12<>""),B12-A12,"") | H12: =IF(AND(F12<>"",G12<>""),F12-G12,"")
C13: =IF(AND(A13<>"",B13<>""),B13-A13,"") | H13: =IF(AND(F13<>"",G13<>""),F13-G13,"")
C14: =IF(AND(A14<>"",B14<>""),B14-A14,"") | H14: =IF(AND(F14<>"",G14<>""),F14-G14,"")
C15: =IF(AND(A15<>"",B15<>""),B15-A15,"") | H15: =IF(AND(F15<>"",G15<>""),F15-G15,"")
... C53: =IF(AND(A53<>"",B53<>""),B53-A53,"") | H53: =IF(AND(F53<>"",G53<>""),F53-G53,"")
A55: TOTALI | C55: =SUM(C4:C53) | F55: =SUM(F4:F53) | H55: =SUM(H4:H53)
